feature,n,pearson,spearman,association_score,unique_feature_values,nonzero_periods,sparse_feature_warning,bootstrap_valid_replicates,direction_disagrees,spearman_block_bootstrap_p025,spearman_block_bootstrap_p975,interpretation,descriptive_rank
deceleration_pct,57,-0.328397342333444,-0.29757583614207933,0.3129865892377617,57,57,False,300,False,-0.5116309291747888,-0.010671077811293828,"Descriptive association; no causal claim; exploratory bootstrap, not multiplicity adjusted",1
deceleration_event_count,57,-0.32645522763456547,-0.2894120144480337,0.3079336210412996,11,57,False,300,False,-0.4687146601495392,-0.001152719615422445,"Descriptive association; no causal claim; exploratory bootstrap, not multiplicity adjusted",2
stop_count,57,-0.3143594789466765,-0.09405350772478131,0.2042064933357289,5,5,False,271,False,-0.4120030607082534,0.31050255130193216,"Descriptive association; no causal claim; exploratory bootstrap, not multiplicity adjusted",3
speed_0_16_pct,57,-0.22371102031307194,-0.10668760448864795,0.16519931240085994,14,14,False,300,False,-0.33060870441721085,0.19095206229950268,"Descriptive association; no causal claim; exploratory bootstrap, not multiplicity adjusted",4
stopped_pct,57,-0.17567158030973012,-0.0879710964664926,0.13182133838811136,6,5,False,271,False,-0.4123995987840072,0.3119935261189804,"Descriptive association; no causal claim; exploratory bootstrap, not multiplicity adjusted",5
p90_speed_kmh,57,0.19906252098395943,-0.05973078482739907,0.12939665290567925,11,57,False,300,True,-0.4464536445192925,0.16779826570697415,"Descriptive association; no causal claim; exploratory bootstrap, not multiplicity adjusted",6
acceleration_pct,57,-0.1381823586205247,-0.08750324086077262,0.11284279974064865,57,57,False,300,False,-0.37089079993509655,0.18664416899214745,"Descriptive association; no causal claim; exploratory bootstrap, not multiplicity adjusted",7
speed_32_40_pct,57,0.12690422979694263,0.09802963929302129,0.11246693454498197,47,46,False,300,False,-0.19396351824364144,0.3787350047323628,"Descriptive association; no causal claim; exploratory bootstrap, not multiplicity adjusted",8
max_speed_kmh,57,0.1978556058767311,0.020317090534400062,0.10908634820556558,8,57,False,300,False,-0.36637783258991496,0.21579404339217156,"Descriptive association; no causal claim; exploratory bootstrap, not multiplicity adjusted",9
acceleration_event_count,57,-0.1173151922090451,-0.09436671223493465,0.10584095222198987,11,57,False,300,False,-0.3725963893272832,0.2039600637497428,"Descriptive association; no causal claim; exploratory bootstrap, not multiplicity adjusted",10
speed_std_kmh,57,0.1589405626497857,-0.036297640653357534,0.09761910165157162,57,57,False,300,True,-0.4172778607126631,0.18502659919553652,"Descriptive association; no causal claim; exploratory bootstrap, not multiplicity adjusted",11
p10_speed_kmh,57,0.09540871192954899,0.07786304725099678,0.08663587959027289,10,53,False,300,False,-0.18899767345177199,0.29571035581375416,"Descriptive association; no causal claim; exploratory bootstrap, not multiplicity adjusted",12
average_speed_kmh,57,0.1272219319984599,-0.009722582317863625,0.06847225715816177,57,57,False,300,True,-0.28826870030829144,0.20987414039185157,"Descriptive association; no causal claim; exploratory bootstrap, not multiplicity adjusted",13
speed_40_plus_pct,57,0.06025141688616169,0.07226082302628652,0.0662561199562241,41,40,False,300,False,-0.18402497895387387,0.24305452022245952,"Descriptive association; no causal claim; exploratory bootstrap, not multiplicity adjusted",14
median_speed_kmh,57,0.07695174245839483,-0.03275302927227619,0.05485238586533551,12,54,False,300,True,-0.29532132294896535,0.1885379471993892,"Descriptive association; no causal claim; exploratory bootstrap, not multiplicity adjusted",15
speed_16_32_pct,57,0.05331833749809674,0.004379662716892011,0.028849000107494374,40,39,False,300,False,-0.21434290687175309,0.20489472686691218,"Descriptive association; no causal claim; exploratory bootstrap, not multiplicity adjusted",16
