variable_a,variable_b,n,pearson,spearman
wh_per_km,wh_per_km,29,1.0,1.0
wh_per_km,average_speed_kmh,29,0.04361545145597119,0.11379310344827587
wh_per_km,median_speed_kmh,29,0.0022750982847677707,0.11659458034207186
wh_per_km,max_speed_kmh,29,0.3606445979768576,0.05711472873497861
wh_per_km,speed_std_kmh,29,0.3938581192245779,0.0004926108374384236
wh_per_km,p10_speed_kmh,29,-0.014980855354308004,0.07791350722387709
wh_per_km,p90_speed_kmh,29,0.2976877956624924,0.06454000453386972
wh_per_km,stopped_pct,29,0.1386025537990861,0.2316539230186614
wh_per_km,stop_count,29,-0.4738646795442351,0.20297207248473076
wh_per_km,acceleration_event_count,29,-0.3397653395207225,-0.2941642231360677
wh_per_km,acceleration_pct,29,-0.3189873318081396,-0.3458128078817734
wh_per_km,deceleration_event_count,29,-0.371867715713431,-0.14224200285395394
wh_per_km,deceleration_pct,29,-0.3998057535925539,-0.1605911330049261
wh_per_km,speed_0_16_pct,29,0.009216048532489246,0.036890854946303
wh_per_km,speed_16_32_pct,29,-0.1540745982916198,-0.20123319860037545
wh_per_km,speed_32_40_pct,29,0.01642724034707048,0.012321342058309126
wh_per_km,speed_40_plus_pct,29,0.1605609118353555,0.2266673576214086
average_speed_kmh,wh_per_km,29,0.04361545145597119,0.11379310344827587
average_speed_kmh,average_speed_kmh,29,1.0,1.0
average_speed_kmh,median_speed_kmh,29,0.982930434630262,0.9740558029441339
average_speed_kmh,max_speed_kmh,29,0.7416707555051169,0.6623995550987749
average_speed_kmh,speed_std_kmh,29,-0.2939739335994338,-0.23891625615763548
average_speed_kmh,p10_speed_kmh,29,0.9483796189187738,0.9469104839604743
average_speed_kmh,p90_speed_kmh,29,0.8374235492449088,0.8362359803133552
average_speed_kmh,stopped_pct,29,-0.6992512798689235,-0.5988500350376034
average_speed_kmh,stop_count,29,-0.6157724739879877,-0.5982334767971013
average_speed_kmh,acceleration_event_count,29,0.14932098613185082,-0.09772486807295773
average_speed_kmh,acceleration_pct,29,0.09151904840230857,-0.1206896551724138
average_speed_kmh,deceleration_event_count,29,0.15569349545367125,-0.1402526042126399
average_speed_kmh,deceleration_pct,29,0.1665148376412853,-0.170935960591133
average_speed_kmh,speed_0_16_pct,29,-0.8436271780765051,-0.7765837600560733
average_speed_kmh,speed_16_32_pct,29,-0.4004226534530933,-0.6377316808585428
average_speed_kmh,speed_32_40_pct,29,0.7738725402802169,0.6136028345037945
average_speed_kmh,speed_40_plus_pct,29,0.8499757903418337,0.9486448670821916
median_speed_kmh,wh_per_km,29,0.0022750982847677707,0.11659458034207186
median_speed_kmh,average_speed_kmh,29,0.982930434630262,0.9740558029441339
median_speed_kmh,median_speed_kmh,29,1.0,1.0
median_speed_kmh,max_speed_kmh,29,0.6590922620376869,0.6284114691015947
median_speed_kmh,speed_std_kmh,29,-0.3906505515954042,-0.234196457274572
median_speed_kmh,p10_speed_kmh,29,0.9446762641351409,0.9149360031230613
median_speed_kmh,p90_speed_kmh,29,0.758986989089957,0.813957832891975
median_speed_kmh,stopped_pct,29,-0.7032141807830944,-0.5904311774912907
median_speed_kmh,stop_count,29,-0.5679031268709053,-0.5872728381678081
median_speed_kmh,acceleration_event_count,29,0.09873943253251175,-0.1574601856406128
median_speed_kmh,acceleration_pct,29,0.04041083931780513,-0.1820688587199092
median_speed_kmh,deceleration_event_count,29,0.15056269367019132,-0.1723792274647038
median_speed_kmh,deceleration_pct,29,0.1579435191937227,-0.21027316325190065
median_speed_kmh,speed_0_16_pct,29,-0.8576533251858717,-0.7923857299827817
median_speed_kmh,speed_16_32_pct,29,-0.3631806414682326,-0.5844485821681905
median_speed_kmh,speed_32_40_pct,29,0.7644611711792842,0.628862933462785
median_speed_kmh,speed_40_plus_pct,29,0.8264330221729203,0.925469621132338
max_speed_kmh,wh_per_km,29,0.3606445979768576,0.05711472873497861
max_speed_kmh,average_speed_kmh,29,0.7416707555051169,0.6623995550987749
max_speed_kmh,median_speed_kmh,29,0.6590922620376869,0.6284114691015947
max_speed_kmh,max_speed_kmh,29,1.0,1.0
max_speed_kmh,speed_std_kmh,29,0.35836914160369165,0.40374204795415913
max_speed_kmh,p10_speed_kmh,29,0.5859968945356677,0.5928132103620942
max_speed_kmh,p90_speed_kmh,29,0.9486355017241782,0.7629679861274523
max_speed_kmh,stopped_pct,29,-0.3757797540654933,-0.4767641748585485
max_speed_kmh,stop_count,29,-0.7032420083577816,-0.5179947730622961
max_speed_kmh,acceleration_event_count,29,0.054744141768272164,0.07105263287158937
max_speed_kmh,acceleration_pct,29,0.0405786254903904,0.04070245036285832
max_speed_kmh,deceleration_event_count,29,-0.0656992007322826,-0.08069668591762781
max_speed_kmh,deceleration_pct,29,-0.03425357273911958,-0.05219104522334252
max_speed_kmh,speed_0_16_pct,29,-0.5543112609202943,-0.5824635971627306
max_speed_kmh,speed_16_32_pct,29,-0.39573796293167196,-0.4385841710428903
max_speed_kmh,speed_32_40_pct,29,0.6570522842222128,0.6380955477827833
max_speed_kmh,speed_40_plus_pct,29,0.6227499003884898,0.7384040278213538
speed_std_kmh,wh_per_km,29,0.3938581192245779,0.0004926108374384236
speed_std_kmh,average_speed_kmh,29,-0.2939739335994338,-0.23891625615763548
speed_std_kmh,median_speed_kmh,29,-0.3906505515954042,-0.234196457274572
speed_std_kmh,max_speed_kmh,29,0.35836914160369165,0.40374204795415913
speed_std_kmh,speed_std_kmh,29,1.0,1.0
speed_std_kmh,p10_speed_kmh,29,-0.5166867411372666,-0.4040051828254074
speed_std_kmh,p90_speed_kmh,29,0.24653505940223064,0.12604283238379263
speed_std_kmh,stopped_pct,29,0.3204902575634967,0.1281489786911744
speed_std_kmh,stop_count,29,-0.10901196055094055,0.09696641519513453
speed_std_kmh,acceleration_event_count,29,-0.0641907593384867,0.1484428375791763
speed_std_kmh,acceleration_pct,29,-0.036611960132865856,0.13842364532019705
speed_std_kmh,deceleration_event_count,29,-0.18451539483858478,0.10494077832931567
speed_std_kmh,deceleration_pct,29,-0.14519702649038313,0.21674876847290642
speed_std_kmh,speed_0_16_pct,29,0.4126939516647922,0.13130643285972254
speed_std_kmh,speed_16_32_pct,29,-0.08319118500725566,0.2937116906042245
speed_std_kmh,speed_32_40_pct,29,-0.15058926683888457,0.028092659892944807
speed_std_kmh,speed_40_plus_pct,29,-0.2289680830177721,-0.11456825047530893
p10_speed_kmh,wh_per_km,29,-0.014980855354308004,0.07791350722387709
p10_speed_kmh,average_speed_kmh,29,0.9483796189187738,0.9469104839604743
p10_speed_kmh,median_speed_kmh,29,0.9446762641351409,0.9149360031230613
p10_speed_kmh,max_speed_kmh,29,0.5859968945356677,0.5928132103620942
p10_speed_kmh,speed_std_kmh,29,-0.5166867411372666,-0.4040051828254074
p10_speed_kmh,p10_speed_kmh,29,1.0,1.0
p10_speed_kmh,p90_speed_kmh,29,0.6881668526751974,0.7462668086660516
p10_speed_kmh,stopped_pct,29,-0.6362725132843362,-0.5989924339261302
p10_speed_kmh,stop_count,29,-0.5399951741115195,-0.5981595627508531
p10_speed_kmh,acceleration_event_count,29,0.11313956837940588,-0.03975571529488999
p10_speed_kmh,acceleration_pct,29,0.06514044138095083,-0.06845435938200065
p10_speed_kmh,deceleration_event_count,29,0.12573353066754436,-0.048630333695402234
p10_speed_kmh,deceleration_pct,29,0.11595998407833417,-0.10529525097667734
p10_speed_kmh,speed_0_16_pct,29,-0.8306719466315367,-0.7819993037408748
p10_speed_kmh,speed_16_32_pct,29,-0.3561008330479944,-0.6235786353503533
p10_speed_kmh,speed_32_40_pct,29,0.7112828305525605,0.6495162894942935
p10_speed_kmh,speed_40_plus_pct,29,0.8232736279179226,0.8831232398161687
p90_speed_kmh,wh_per_km,29,0.2976877956624924,0.06454000453386972
p90_speed_kmh,average_speed_kmh,29,0.8374235492449088,0.8362359803133552
p90_speed_kmh,median_speed_kmh,29,0.758986989089957,0.813957832891975
p90_speed_kmh,max_speed_kmh,29,0.9486355017241782,0.7629679861274523
p90_speed_kmh,speed_std_kmh,29,0.24653505940223064,0.12604283238379263
p90_speed_kmh,p10_speed_kmh,29,0.6881668526751974,0.7462668086660516
p90_speed_kmh,p90_speed_kmh,29,1.0,1.0
p90_speed_kmh,stopped_pct,29,-0.45251569734478975,-0.4917012647735004
p90_speed_kmh,stop_count,29,-0.6582331885753503,-0.5001027550209082
p90_speed_kmh,acceleration_event_count,29,0.06130536113892513,0.0010169107379384298
p90_speed_kmh,acceleration_pct,29,0.02141120210963399,-0.040748787176286376
p90_speed_kmh,deceleration_event_count,29,0.00179658201946503,0.006516086714501686
p90_speed_kmh,deceleration_pct,29,0.03065217494169139,0.0063274514248891885
p90_speed_kmh,speed_0_16_pct,29,-0.5867601253478192,-0.6267709033035763
p90_speed_kmh,speed_16_32_pct,29,-0.5041390885884783,-0.5890523146179024
p90_speed_kmh,speed_32_40_pct,29,0.6972164647661006,0.6214088200207306
p90_speed_kmh,speed_40_plus_pct,29,0.7576967851238319,0.8540341892906624
stopped_pct,wh_per_km,29,0.1386025537990861,0.2316539230186614
stopped_pct,average_speed_kmh,29,-0.6992512798689235,-0.5988500350376034
stopped_pct,median_speed_kmh,29,-0.7032141807830944,-0.5904311774912907
stopped_pct,max_speed_kmh,29,-0.3757797540654933,-0.4767641748585485
stopped_pct,speed_std_kmh,29,0.3204902575634967,0.1281489786911744
stopped_pct,p10_speed_kmh,29,-0.6362725132843362,-0.5989924339261302
stopped_pct,p90_speed_kmh,29,-0.45251569734478975,-0.4917012647735004
stopped_pct,stopped_pct,29,1.0,1.0
stopped_pct,stop_count,29,0.6681820419078277,0.9941761460410984
stopped_pct,acceleration_event_count,29,-0.4728077700611155,-0.35109459701287826
stopped_pct,acceleration_pct,29,-0.4300085032825075,-0.3606243695219587
stopped_pct,deceleration_event_count,29,-0.503374769570746,-0.15094537217399173
stopped_pct,deceleration_pct,29,-0.5267709550268516,-0.13882806024877226
stopped_pct,speed_0_16_pct,29,0.8514944725558229,0.7465627548605597
stopped_pct,speed_16_32_pct,29,-0.22649570376646153,-0.06456478555612445
stopped_pct,speed_32_40_pct,29,-0.4132801701972174,-0.5112048662541694
stopped_pct,speed_40_plus_pct,29,-0.3458112805039542,-0.436454278137955
stop_count,wh_per_km,29,-0.4738646795442351,0.20297207248473076
stop_count,average_speed_kmh,29,-0.6157724739879877,-0.5982334767971013
stop_count,median_speed_kmh,29,-0.5679031268709053,-0.5872728381678081
stop_count,max_speed_kmh,29,-0.7032420083577816,-0.5179947730622961
stop_count,speed_std_kmh,29,-0.10901196055094055,0.09696641519513453
stop_count,p10_speed_kmh,29,-0.5399951741115195,-0.5981595627508531
stop_count,p90_speed_kmh,29,-0.6582331885753503,-0.5001027550209082
stop_count,stopped_pct,29,0.6681820419078277,0.9941761460410984
stop_count,stop_count,29,1.0,1.0
stop_count,acceleration_event_count,29,-0.1759294733384494,-0.3342938499633361
stop_count,acceleration_pct,29,-0.1935289816969548,-0.3447238235115164
stop_count,deceleration_event_count,29,-0.08619780269155336,-0.1221666035752921
stop_count,deceleration_pct,29,-0.09594392000403253,-0.10929265441485503
stop_count,speed_0_16_pct,29,0.7572847911236659,0.7452539944312384
stop_count,speed_16_32_pct,29,-0.17893257932237622,-0.05965032918224289
stop_count,speed_32_40_pct,29,-0.3804949435543577,-0.5126132579734253
stop_count,speed_40_plus_pct,29,-0.3259358935381941,-0.44484163363820683
acceleration_event_count,wh_per_km,29,-0.3397653395207225,-0.2941642231360677
acceleration_event_count,average_speed_kmh,29,0.14932098613185082,-0.09772486807295773
acceleration_event_count,median_speed_kmh,29,0.09873943253251175,-0.1574601856406128
acceleration_event_count,max_speed_kmh,29,0.054744141768272164,0.07105263287158937
acceleration_event_count,speed_std_kmh,29,-0.0641907593384867,0.1484428375791763
acceleration_event_count,p10_speed_kmh,29,0.11313956837940588,-0.03975571529488999
acceleration_event_count,p90_speed_kmh,29,0.06130536113892513,0.0010169107379384298
acceleration_event_count,stopped_pct,29,-0.4728077700611155,-0.35109459701287826
acceleration_event_count,stop_count,29,-0.1759294733384494,-0.3342938499633361
acceleration_event_count,acceleration_event_count,29,1.0,1.0
acceleration_event_count,acceleration_pct,29,0.9873630443375322,0.9878870840894183
acceleration_event_count,deceleration_event_count,29,0.8671387911489377,0.8405255690138935
acceleration_event_count,deceleration_pct,29,0.8525664742874155,0.8124771310166916
acceleration_event_count,speed_0_16_pct,29,-0.27739858547504037,-0.12561188557706837
acceleration_event_count,speed_16_32_pct,29,0.28529099914476996,0.30517869403745473
acceleration_event_count,speed_32_40_pct,29,0.1985344496595534,0.20792242268983824
acceleration_event_count,speed_40_plus_pct,29,-0.1732852378387975,-0.23214331408955058
acceleration_pct,wh_per_km,29,-0.3189873318081396,-0.3458128078817734
acceleration_pct,average_speed_kmh,29,0.09151904840230857,-0.1206896551724138
acceleration_pct,median_speed_kmh,29,0.04041083931780513,-0.1820688587199092
acceleration_pct,max_speed_kmh,29,0.0405786254903904,0.04070245036285832
acceleration_pct,speed_std_kmh,29,-0.036611960132865856,0.13842364532019705
acceleration_pct,p10_speed_kmh,29,0.06514044138095083,-0.06845435938200065
acceleration_pct,p90_speed_kmh,29,0.02141120210963399,-0.040748787176286376
acceleration_pct,stopped_pct,29,-0.4300085032825075,-0.3606243695219587
acceleration_pct,stop_count,29,-0.1935289816969548,-0.3447238235115164
acceleration_pct,acceleration_event_count,29,0.9873630443375322,0.9878870840894183
acceleration_pct,acceleration_pct,29,1.0,1.0
acceleration_pct,deceleration_event_count,29,0.8384204546652212,0.8154047681085926
acceleration_pct,deceleration_pct,29,0.8305717704428204,0.7955665024630542
acceleration_pct,speed_0_16_pct,29,-0.26155490957994204,-0.10692095247148836
acceleration_pct,speed_16_32_pct,29,0.3637719583358677,0.352158097550657
acceleration_pct,speed_32_40_pct,29,0.12229597809851965,0.14489898260571532
acceleration_pct,speed_40_plus_pct,29,-0.23447610617027603,-0.2686427942179658
deceleration_event_count,wh_per_km,29,-0.371867715713431,-0.14224200285395394
deceleration_event_count,average_speed_kmh,29,0.15569349545367125,-0.1402526042126399
deceleration_event_count,median_speed_kmh,29,0.15056269367019132,-0.1723792274647038
deceleration_event_count,max_speed_kmh,29,-0.0656992007322826,-0.08069668591762781
deceleration_event_count,speed_std_kmh,29,-0.18451539483858478,0.10494077832931567
deceleration_event_count,p10_speed_kmh,29,0.12573353066754436,-0.048630333695402234
deceleration_event_count,p90_speed_kmh,29,0.00179658201946503,0.006516086714501686
deceleration_event_count,stopped_pct,29,-0.503374769570746,-0.15094537217399173
deceleration_event_count,stop_count,29,-0.08619780269155336,-0.1221666035752921
deceleration_event_count,acceleration_event_count,29,0.8671387911489377,0.8405255690138935
deceleration_event_count,acceleration_pct,29,0.8384204546652212,0.8154047681085926
deceleration_event_count,deceleration_event_count,29,1.0,1.0
deceleration_event_count,deceleration_pct,29,0.9826037031018565,0.9700805124707593
deceleration_event_count,speed_0_16_pct,29,-0.29650882481267743,-0.12751930630046077
deceleration_event_count,speed_16_32_pct,29,0.28269975785630247,0.3122229851513665
deceleration_event_count,speed_32_40_pct,29,0.2586037521390079,0.26944760658794076
deceleration_event_count,speed_40_plus_pct,29,-0.18754133707579074,-0.2590118964833808
deceleration_pct,wh_per_km,29,-0.3998057535925539,-0.1605911330049261
deceleration_pct,average_speed_kmh,29,0.1665148376412853,-0.170935960591133
deceleration_pct,median_speed_kmh,29,0.1579435191937227,-0.21027316325190065
deceleration_pct,max_speed_kmh,29,-0.03425357273911958,-0.05219104522334252
deceleration_pct,speed_std_kmh,29,-0.14519702649038313,0.21674876847290642
deceleration_pct,p10_speed_kmh,29,0.11595998407833417,-0.10529525097667734
deceleration_pct,p90_speed_kmh,29,0.03065217494169139,0.0063274514248891885
deceleration_pct,stopped_pct,29,-0.5267709550268516,-0.13882806024877226
deceleration_pct,stop_count,29,-0.09594392000403253,-0.10929265441485503
deceleration_pct,acceleration_event_count,29,0.8525664742874155,0.8124771310166916
deceleration_pct,acceleration_pct,29,0.8305717704428204,0.7955665024630542
deceleration_pct,deceleration_event_count,29,0.9826037031018565,0.9700805124707593
deceleration_pct,deceleration_pct,29,1.0,1.0
deceleration_pct,speed_0_16_pct,29,-0.31701700200112093,-0.08941342809019202
deceleration_pct,speed_16_32_pct,29,0.3117081558245407,0.37903851255977583
deceleration_pct,speed_32_40_pct,29,0.23090380308731068,0.21094137603825225
deceleration_pct,speed_40_plus_pct,29,-0.18375102816594333,-0.2834576541932212
speed_0_16_pct,wh_per_km,29,0.009216048532489246,0.036890854946303
speed_0_16_pct,average_speed_kmh,29,-0.8436271780765051,-0.7765837600560733
speed_0_16_pct,median_speed_kmh,29,-0.8576533251858717,-0.7923857299827817
speed_0_16_pct,max_speed_kmh,29,-0.5543112609202943,-0.5824635971627306
speed_0_16_pct,speed_std_kmh,29,0.4126939516647922,0.13130643285972254
speed_0_16_pct,p10_speed_kmh,29,-0.8306719466315367,-0.7819993037408748
speed_0_16_pct,p90_speed_kmh,29,-0.5867601253478192,-0.6267709033035763
speed_0_16_pct,stopped_pct,29,0.8514944725558229,0.7465627548605597
speed_0_16_pct,stop_count,29,0.7572847911236659,0.7452539944312384
speed_0_16_pct,acceleration_event_count,29,-0.27739858547504037,-0.12561188557706837
speed_0_16_pct,acceleration_pct,29,-0.26155490957994204,-0.10692095247148836
speed_0_16_pct,deceleration_event_count,29,-0.29650882481267743,-0.12751930630046077
speed_0_16_pct,deceleration_pct,29,-0.31701700200112093,-0.08941342809019202
speed_0_16_pct,speed_0_16_pct,29,1.0,1.0
speed_0_16_pct,speed_16_32_pct,29,-0.13736154613844218,0.22349634736154106
speed_0_16_pct,speed_32_40_pct,29,-0.5806245735665355,-0.7144088995559135
speed_0_16_pct,speed_40_plus_pct,29,-0.4982298476274081,-0.6650501972714351
speed_16_32_pct,wh_per_km,29,-0.1540745982916198,-0.20123319860037545
speed_16_32_pct,average_speed_kmh,29,-0.4004226534530933,-0.6377316808585428
speed_16_32_pct,median_speed_kmh,29,-0.3631806414682326,-0.5844485821681905
speed_16_32_pct,max_speed_kmh,29,-0.39573796293167196,-0.4385841710428903
speed_16_32_pct,speed_std_kmh,29,-0.08319118500725566,0.2937116906042245
speed_16_32_pct,p10_speed_kmh,29,-0.3561008330479944,-0.6235786353503533
speed_16_32_pct,p90_speed_kmh,29,-0.5041390885884783,-0.5890523146179024
speed_16_32_pct,stopped_pct,29,-0.22649570376646153,-0.06456478555612445
speed_16_32_pct,stop_count,29,-0.17893257932237622,-0.05965032918224289
speed_16_32_pct,acceleration_event_count,29,0.28529099914476996,0.30517869403745473
speed_16_32_pct,acceleration_pct,29,0.3637719583358677,0.352158097550657
speed_16_32_pct,deceleration_event_count,29,0.28269975785630247,0.3122229851513665
speed_16_32_pct,deceleration_pct,29,0.3117081558245407,0.37903851255977583
speed_16_32_pct,speed_0_16_pct,29,-0.13736154613844218,0.22349634736154106
speed_16_32_pct,speed_16_32_pct,29,1.0,1.0
speed_16_32_pct,speed_32_40_pct,29,-0.5047964567080017,-0.3723169043620279
speed_16_32_pct,speed_40_plus_pct,29,-0.7207194472821671,-0.7396791806633525
speed_32_40_pct,wh_per_km,29,0.01642724034707048,0.012321342058309126
speed_32_40_pct,average_speed_kmh,29,0.7738725402802169,0.6136028345037945
speed_32_40_pct,median_speed_kmh,29,0.7644611711792842,0.628862933462785
speed_32_40_pct,max_speed_kmh,29,0.6570522842222128,0.6380955477827833
speed_32_40_pct,speed_std_kmh,29,-0.15058926683888457,0.028092659892944807
speed_32_40_pct,p10_speed_kmh,29,0.7112828305525605,0.6495162894942935
speed_32_40_pct,p90_speed_kmh,29,0.6972164647661006,0.6214088200207306
speed_32_40_pct,stopped_pct,29,-0.4132801701972174,-0.5112048662541694
speed_32_40_pct,stop_count,29,-0.3804949435543577,-0.5126132579734253
speed_32_40_pct,acceleration_event_count,29,0.1985344496595534,0.20792242268983824
speed_32_40_pct,acceleration_pct,29,0.12229597809851965,0.14489898260571532
speed_32_40_pct,deceleration_event_count,29,0.2586037521390079,0.26944760658794076
speed_32_40_pct,deceleration_pct,29,0.23090380308731068,0.21094137603825225
speed_32_40_pct,speed_0_16_pct,29,-0.5806245735665355,-0.7144088995559135
speed_32_40_pct,speed_16_32_pct,29,-0.5047964567080017,-0.3723169043620279
speed_32_40_pct,speed_32_40_pct,29,1.0,1.0
speed_32_40_pct,speed_40_plus_pct,29,0.5675858946027488,0.5662066393147686
speed_40_plus_pct,wh_per_km,29,0.1605609118353555,0.2266673576214086
speed_40_plus_pct,average_speed_kmh,29,0.8499757903418337,0.9486448670821916
speed_40_plus_pct,median_speed_kmh,29,0.8264330221729203,0.925469621132338
speed_40_plus_pct,max_speed_kmh,29,0.6227499003884898,0.7384040278213538
speed_40_plus_pct,speed_std_kmh,29,-0.2289680830177721,-0.11456825047530893
speed_40_plus_pct,p10_speed_kmh,29,0.8232736279179226,0.8831232398161687
speed_40_plus_pct,p90_speed_kmh,29,0.7576967851238319,0.8540341892906624
speed_40_plus_pct,stopped_pct,29,-0.3458112805039542,-0.436454278137955
speed_40_plus_pct,stop_count,29,-0.3259358935381941,-0.44484163363820683
speed_40_plus_pct,acceleration_event_count,29,-0.1732852378387975,-0.23214331408955058
speed_40_plus_pct,acceleration_pct,29,-0.23447610617027603,-0.2686427942179658
speed_40_plus_pct,deceleration_event_count,29,-0.18754133707579074,-0.2590118964833808
speed_40_plus_pct,deceleration_pct,29,-0.18375102816594333,-0.2834576541932212
speed_40_plus_pct,speed_0_16_pct,29,-0.4982298476274081,-0.6650501972714351
speed_40_plus_pct,speed_16_32_pct,29,-0.7207194472821671,-0.7396791806633525
speed_40_plus_pct,speed_32_40_pct,29,0.5675858946027488,0.5662066393147686
speed_40_plus_pct,speed_40_plus_pct,29,1.0,1.0
