efficient_period,inefficient_period,difference_wh_per_km,speed_difference_kmh
16,17,6.437645921609976,0.18573298877069533
16,15,5.3305938841464435,0.4128828489632639
21,17,4.936828921106882,-0.7803527374424135
10,4,4.826780246314778,1.9719054627550463
18,3,4.101715308341527,1.019366228793924
14,11,3.9630124999820193,-0.2163768263838577
16,26,3.9379394641307233,1.775176873312482
21,15,3.8297768836433494,-0.553202877249845
23,4,3.61880430239208,0.6780622352073316
1,11,3.4136445071119876,-0.7910299971244257
9,22,3.3182477361702105,-1.962971239909832
21,8,2.929158030766848,1.25037911774222
18,20,2.8702270381164627,-1.2409059981498771
14,12,2.5603510949475776,-0.26828711455390675
18,6,2.501439061045563,0.4445231323527885
26,17,2.4997064574792525,-1.5894438845417866
21,26,2.437122463627629,0.8090911470993731
2,11,2.3101280340397974,-0.4781740560790908
14,13,2.295866281008742,-0.0003202230366667891
7,11,2.266287838078302,0.8621000425860501
14,25,2.216449550352893,-1.1106705821009584
14,24,2.1265320346568277,-1.2017832445865153
1,12,2.010983102077546,-0.8429402852944747
24,11,1.8364804653251916,0.9854064182026576
25,11,1.7465629496291264,0.8942937557171007
1,13,1.74649828813871,-0.5749733937772348
27,22,1.7349695824895832,0.2512415178663119
14,7,1.6967246619037173,-1.0784768689699078
13,11,1.6671462189732775,-0.2160566033471909
1,25,1.6670815574828612,-1.6853237528415264
14,2,1.652884465942222,0.2617972296952331
6,3,1.6002762472959642,0.5748430964411355
1,24,1.577164041786796,-1.7764364153270833
16,21,1.500817000503094,0.9660857262131088
8,11,1.4288891515119868,1.8938790689347513
12,11,1.4026614050344417,0.05191028817004906
26,15,1.3926544200157203,-1.362294024349218
10,23,1.2079759439226976,1.2938432275477147
1,7,1.1473566690336856,-1.6531300397104758
15,17,1.1070520374635322,-0.22714986019256855
1,2,1.1035164730721903,-0.3128559410453349
2,12,0.9074666290053557,-0.5300843442491399
8,15,0.9006188528765016,-1.803581994992065
7,12,0.8636264330438603,0.810189754416001
7,8,0.8373986865663152,-1.0317790263487012
2,13,0.6429818150665199,-0.2621174527318999
7,13,0.5991416191050245,1.078156645933241
2,25,0.563565084410671,-1.3724678117961915
14,1,0.5493679928700317,0.574653170740568
7,25,0.5197248884491756,-0.03219371313105057
26,8,0.4920355671392187,0.44128797064284697
2,24,0.4736475687146058,-1.4635804742817484
24,12,0.4338190602907499,0.9334961300326086
7,24,0.42980737275311043,-0.12330637561660751
24,8,0.4075913138132048,-0.9084726507320937
6,20,0.36878797707089994,-1.6854291305026656
7,26,0.3453631194270965,-1.4730669969915482
25,12,0.3439015445946847,0.8423834675470516
25,8,0.3176737981171396,-0.9995853132176507
13,12,0.2644848139388358,-0.26796689151723996
26,25,0.17436176902207912,1.4408732838604976
24,13,0.16933424635191408,1.2014630215498485
24,25,0.08991751569606521,0.09111266248555694
26,24,0.08444425332601391,1.3497606213749407
25,13,0.07941673065584887,1.1103503590642916
2,7,0.043840195961495354,-1.340274098665141
8,12,0.02622774647754511,1.8419687807647023
