period_id,start_s,end_s,complete_window,model_eligible,period_note,consumed_wh,distance_km,wh_per_km,moving_wh,moving_distance_km,moving_wh_per_km,stationary_wh,moving_s,stopped_s,valid_duration_s,elapsed_duration_s,coverage_fraction,valid_interval_count,excluded_interval_count,raw_signed_wh_diagnostic,raw_diagnostic_note,average_power_w,peak_power_w,average_current_a,peak_current_a,current_mean_note,voltage_mean_v,voltage_min_v,voltage_max_v,voltage_std_v,average_speed_kmh,trip_increment_all_rows_km,median_speed_kmh,max_speed_kmh,speed_std_kmh,p10_speed_kmh,p90_speed_kmh,stopped_pct,acceleration_pct,deceleration_pct,pace_seconds_per_km,acceleration_event_count,deceleration_event_count,stop_count,speed_0_16_pct,speed_16_32_pct,speed_32_40_pct,speed_40_plus_pct
0,0.0,120.0,True,True,"Fixed-time operating period, not a lap",11.356191434607938,0.7946602109422924,14.29062545001717,11.229706610733535,0.7943824331645146,14.136398467421662,0.12648482387440158,73.81065783119871,46.18934216880128,120.0,120.0,1.0,120,0,11.356191434607938,Includes shutdown and long gaps; not valid consumption or recovered energy.,340.6857430382381,1229.67039728983,6.820608482212222,24.8196104141361,"Time weighted, clipped at zero at samples; raw values retained in quality tables.",51.402600449895736,49.17300064088871,52.55489884823146,1.1834080311277995,23.74470858129955,,32.21019648,48.31529471999999,19.991972289102545,0.0,48.31529471999999,38.49111847400107,16.69383666666669,13.352524999999963,151.0079381698328,17,15,1,40.045513345048114,3.3271287335007824,21.157962626279026,35.46939529517207
1,120.0,240.0,True,True,"Fixed-time operating period, not a lap",15.65148139737068,1.2156827425280445,12.874643070792475,15.651481397370691,1.2156827425280445,12.874643070792484,0.0,120.0,0.0,120.0,120.0,1.0,121,0,15.6514738377962,Includes shutdown and long gaps; not valid consumption or recovered energy.,469.54444192112044,1215.57768362823,9.510883532355965,24.7322064967803,"Time weighted, clipped at zero at samples; raw values retained in quality tables.",50.35299043105568,48.68796083864864,51.65172128543963,1.046463794648669,36.57480882275404,,40.2627456,48.31529471999999,7.371405633268625,24.157647359999995,44.28902015999999,0.0,22.532406666666606,22.573896666666744,98.70996420534588,26,26,0,0.0,17.069786128143235,29.234596439497516,53.69561743235924
2,240.0,360.0,True,True,"Fixed-time operating period, not a lap",10.726037846032318,0.7959816092198215,13.475233248850316,10.726037846032314,0.7959816092198215,13.47523324885031,0.0,120.0,0.0,120.0,120.0,1.0,121,0,10.726037846032318,Includes shutdown and long gaps; not valid consumption or recovered energy.,321.78113538096954,1111.51173827598,6.449236742851155,22.6884972527237,"Time weighted, clipped at zero at samples; raw values retained in quality tables.",50.626096882844266,48.764898186590166,51.51457209997864,0.7158410429435399,23.88269974720291,,20.131372799999998,48.31529471999999,6.61796325916617,16.10509824,32.21019648,0.0,32.54815333333328,31.715014166666766,150.75725193904614,38,36,0,1.6474891978787094,83.23743229018919,12.502576186852986,2.6125023250791224
3,360.0,480.0,True,True,"Fixed-time operating period, not a lap",14.430962752446812,1.1861023349995863,12.166709673033267,14.430962752446813,1.1861023349995863,12.16670967303327,0.0,120.0,0.0,120.0,120.0,1.0,121,0,14.430962752446812,Includes shutdown and long gaps; not valid consumption or recovered energy.,432.9288825734044,1142.25449984755,8.829520680052411,23.3877285915707,"Time weighted, clipped at zero at samples; raw values retained in quality tables.",50.00052165958434,48.26647797601245,51.273724749900815,0.9848588261875114,35.61725022520091,,36.23647104,48.31529471999999,6.499391223584161,28.183921919999996,44.28902015999999,0.0,23.366162499999916,22.712991666666937,101.17170876325933,28,28,0,0.0,24.601609636996674,32.23082184279221,43.16756852021112
4,480.0,600.0,True,True,"Fixed-time operating period, not a lap",12.685292331988608,0.9173470105882888,13.828237499627987,12.68529233198861,0.9173470105882888,13.828237499627988,0.0,120.0,0.0,120.0,120.0,1.0,120,0,12.685292331988608,Includes shutdown and long gaps; not valid consumption or recovered energy.,380.5587699596582,1092.75055013808,7.79488852867732,22.6525074044007,"Time weighted, clipped at zero at samples; raw values retained in quality tables.",49.716556933435626,47.96541878841517,50.71837165057283,0.8503618976749707,27.566656664972452,,24.157647359999995,48.31529471999999,11.288825160199613,16.10509824,44.28902015999999,0.0,24.200791666666486,24.838783333333414,130.81200310779315,27,29,0,3.2774507139303064,52.47688966262292,19.52665178414008,24.719007839306695
5,600.0,720.0,True,True,"Fixed-time operating period, not a lap",14.308549165023157,1.0110231795322075,14.152543141141047,14.308549165023154,1.0110231795322075,14.152543141141043,0.0,120.0,0.0,120.0,120.0,1.0,121,0,14.308549165023157,Includes shutdown and long gaps; not valid consumption or recovered energy.,429.2564749506947,1144.10797835069,8.840947421322936,23.6859301919614,"Time weighted, clipped at zero at samples; raw values retained in quality tables.",49.561378983047014,47.95872858424634,50.83217127475815,1.0749754772159492,30.24352697876504,,32.21019648,48.31529471999999,10.622341764661101,16.10509824,44.28902015999999,0.0,23.377189999999928,20.878018333333443,118.69164073520358,27,24,0,4.1347653191053215,43.434043476350595,19.240184538614617,33.191006665929464
6,720.0,840.0,True,True,"Fixed-time operating period, not a lap",18.800913893195016,1.3266801948449327,14.17139862813173,18.80091389319502,1.3266801948449327,14.171398628131733,0.0,120.0,0.0,120.0,120.0,1.0,121,0,18.800913893195016,Includes shutdown and long gaps; not valid consumption or recovered energy.,564.0274167958505,1080.37830885185,11.717265849759817,22.4442804248176,"Time weighted, clipped at zero at samples; raw values retained in quality tables.",48.69109807619692,47.70115572374646,50.22336269539476,0.8606585832043934,39.859390898157606,,40.2627456,48.31529471999999,5.390831130642338,32.21019648,48.31529471999999,0.0,19.199972499999944,18.36309499999989,90.45133896343877,23,21,0,0.0,6.139707106348999,22.488780196982894,71.3715126966681
7,840.0,960.0,True,True,"Fixed-time operating period, not a lap",16.88870889796266,1.2634914516697737,13.366698188296642,16.888708897962655,1.2634914516697737,13.366698188296638,0.0,120.0,0.0,120.0,120.0,1.0,121,0,16.88788772776711,Includes shutdown and long gaps; not valid consumption or recovered energy.,506.66126693887975,1012.79731298932,10.59577870788932,21.1357923679311,"Time weighted, clipped at zero at samples; raw values retained in quality tables.",48.49788104344695,47.20942571733757,49.895542691122166,0.8906114881669629,38.03677562179757,,40.2627456,48.31529471999999,6.4665277264311225,28.183921919999996,44.28902015999999,0.0,25.87692833333354,25.237283333332908,94.97492036167984,31,30,0,0.0,12.281563549292136,35.17884118825384,52.53959526245402
8,960.0,1080.0,True,True,"Fixed-time operating period, not a lap",15.575087043211438,1.1900284379979151,13.087995669594852,15.57508704321144,1.1900284379979151,13.087995669594852,0.0,120.0,0.0,120.0,120.0,1.0,120,0,15.574789909784009,Includes shutdown and long gaps; not valid consumption or recovered energy.,467.25261129634316,1015.25049593409,9.83235334171166,21.2746103543198,"Time weighted, clipped at zero at samples; raw values retained in quality tables.",48.30740048424517,47.28970816736351,49.58110309518724,0.9158602976205609,35.759840322064306,,36.23647104,48.31529471999999,7.5214291340049355,24.157647359999995,44.28902015999999,0.0,21.71133333333349,23.371451666666587,100.83792636240365,26,26,0,0.0,18.635700896616513,40.17704422497595,41.187254878407536
9,1080.0,1200.0,True,True,"Fixed-time operating period, not a lap",7.7083114402873845,1.0095808314857972,7.6351602565027745,7.708311440287384,1.0095808314857972,7.635160256502774,0.0,120.0,0.0,120.0,120.0,1.0,121,0,7.7083114402873845,Includes shutdown and long gaps; not valid consumption or recovered energy.,231.24934320862155,962.33056038653,4.799569912281888,20.2309047529526,"Time weighted, clipped at zero at samples; raw values retained in quality tables.",48.74440017120012,47.42016714865567,49.37036166386914,0.5107328375291964,30.07499470126904,,28.183921919999996,48.31529471999999,6.470682643812478,24.157647359999995,40.2627456,0.0,26.70745333333362,28.40301833333304,118.86121076942035,30,33,0,0.0,62.322710714970206,23.23551763639765,14.441771648632146
10,1200.0,1320.0,True,True,"Fixed-time operating period, not a lap",12.529074445823273,1.11944133898157,11.19225635996416,12.52907444582327,1.11944133898157,11.192256359964157,0.0,120.0,0.0,120.0,120.0,1.0,121,0,12.528682781334915,Includes shutdown and long gaps; not valid consumption or recovered energy.,375.87223337469817,936.286159471721,7.922703658569788,19.7681781316568,"Time weighted, clipped at zero at samples; raw values retained in quality tables.",48.14593224519768,46.94850775475326,49.14623982421339,0.7463847003497595,33.63345658790412,,36.23647104,48.31529471999999,7.799489544415133,24.157647359999995,44.28902015999999,0.0,29.21191583333344,26.70644083333362,107.19632715115912,35,31,0,0.0,33.75379392769325,32.96323784168477,33.28296823062197
11,1320.0,1440.0,True,True,"Fixed-time operating period, not a lap",8.669097644504829,0.6223817968314087,13.928906161201757,8.656661067494763,0.62210401905363,13.915134450768585,0.012436577010065905,119.75124945279435,0.2487505472056455,120.0,120.0,1.0,121,0,8.669097644504829,Includes shutdown and long gaps; not valid consumption or recovered energy.,260.07292933514486,983.242766390308,5.449855163369274,20.8375907675405,"Time weighted, clipped at zero at samples; raw values retained in quality tables.",48.353424514081745,46.87826061098056,49.01912594500565,0.581959056049484,18.645241431454775,,16.10509824,48.31529471999999,10.889705121087081,8.05254912,40.262745599999995,0.20729212267137123,29.544564166666685,27.545119166666343,192.80769555107295,36,33,1,45.60211362895796,38.47900860648956,6.615608580307812,9.303269184244677
12,1440.0,1560.0,True,True,"Fixed-time operating period, not a lap",17.98696845541645,1.2926049511364042,13.915286677188618,17.98696845541644,1.2926049511364042,13.915286677188611,0.0,120.0,0.0,120.0,120.0,1.0,121,0,17.98696845541645,Includes shutdown and long gaps; not valid consumption or recovered energy.,539.6090536624935,939.149638836758,11.529498193917654,19.9455566698202,"Time weighted, clipped at zero at samples; raw values retained in quality tables.",47.27088508672914,46.43670713583789,48.66120002197333,0.7490525833656375,38.83746765360916,,40.2627456,48.31529471999999,5.024791806890244,32.21019648,44.28902015999999,0.0,27.205895833332836,26.89255583333363,92.8357886100475,33,33,0,0.0,3.250832960418491,44.6448284571459,52.10433858243561
13,1560.0,1680.0,True,True,"Fixed-time operating period, not a lap",12.128204889382264,0.8681337428421223,13.970433691099926,11.98152982251684,0.8673004095087862,13.81474018823862,0.14667506686542167,109.20022648612212,10.79977351387788,120.0,120.0,1.0,121,0,12.128204889382264,Includes shutdown and long gaps; not valid consumption or recovered energy.,363.8461466814679,919.172366040182,7.817882975178768,19.6216480349131,"Time weighted, clipped at zero at samples; raw values retained in quality tables.",47.36390490815321,46.205895092013314,48.33672511978516,0.8110302902681115,26.238906300762956,,36.23647104,48.31529471999999,14.826874974862339,4.02627456,40.2627456,8.9998112615649,25.04216249999975,29.024676666666664,138.22754960213894,30,34,4,28.299177834471898,15.066056524716771,33.17653609281887,23.458229547992453
14,1680.0,1800.0,True,False,"Fixed-time operating period, not a lap",0.05298630443288601,0.02907864959999884,1.8221721146530863,0.015754168918763984,0.02546753848887562,0.6185980213849683,0.037232135514122015,22.802636538604702,52.27126546139539,75.07390200000009,120.0,0.6256158500000008,75,45,0.05403372660906654,Includes shutdown and long gaps; not valid consumption or recovered energy.,2.5408389716893813,3.21282046276902,0.052488634380154685,0.0663068782616633,"Time weighted, clipped at zero at samples; raw values retained in quality tables.",48.40191559508286,48.29671242281048,48.4671841010773,0.04764823162149163,1.3963256818103236,,0.0,8.05254912,2.355050321581335,0.0,4.02627456,69.62641353235553,17.340482715284878,17.339856665502992,2581.7533837610904,13,13,14,100.0,0.0,0.0,0.0
15,1800.0,1919.336461,False,False,"Fixed-time operating period, not a lap",0.0,0.0,,0.0,0.0,,0.0,0.0,0.0,0.0,119.3364610000001,0.0,0,120,0.00010569270613987618,Includes shutdown and long gaps; not valid consumption or recovered energy.,,,,,"Time weighted, clipped at zero at samples; raw values retained in quality tables.",,,,,,,,,,,,,,,,0,0,0,,,,
