index,seconds,finish_fraction,direction,distance_beyond_segment_m,speed
50,49.31636494499399,1.0394445314334633,-1,0.45038334300566674,16.10509824
90,89.88145839969516,2.5561210366327045,1,17.76801419944122,38.162170538533026
100,100.1524311002689,10.054438158394555,-1,103.38487943999802,48.28251593890574
144,143.5920965103485,12.15808861680627,1,127.40466346438348,40.2627456
159,158.7262739962281,1.006361383146093,-1,0.07263518929893083,44.80289754681262
206,206.29996604232628,2.6228149721215326,1,18.529535163997025,32.72682510629943
216,216.3373577982138,10.070177120899118,-1,103.56458918151701,40.2627456
277,277.42469184029477,12.309582216674881,1,129.13443921461345,16.537664475844913
311,310.68948021818863,1.2379042565200156,-1,2.716425077770396,16.10509824
371,370.8802215540762,2.599759081161691,1,18.266279679165528,24.157647359999995
385,385.3161470961566,10.029319647653924,-1,103.09807266533086,29.627096506793894
432,432.6369768419127,12.23637019797324,1,128.29849383681983,39.6214060166284
449,449.6250029677276,1.0538934540640357,-1,0.6153632233767811,40.2627456
490,490.7850114104451,2.497927675721052,1,17.10355402015537,40.2627456
500,500.5449685414695,9.92801706242098,-1,101.94138515164363,40.2627456
556,556.5922307495898,12.379042389772392,1,129.9275454787398,16.10509824
593,593.2440363543974,1.4604927620310209,-1,5.257972703853573,17.978472911043333
666,666.5013232359345,2.5804728826265237,1,18.046067085569586,35.25846985690009
676,676.2300446997954,9.750639175380869,-1,99.91605888112714,33.70792998548942
719,719.9956937740596,12.23240520100611,1,128.25322093017937,40.2627456
735,735.5306314888438,1.133388169305695,-1,1.5230453354641382,45.873493694701466
775,775.8401215715004,2.4762131392338045,1,16.855614313951936,40.2627456
785,785.4750438648618,10.002508762325345,-1,102.79194211378416,41.65738175288495
829,829.8013008625868,12.237764585808375,1,128.3144151580223,40.2627456
844,845.3271901050639,1.153574853759315,-1,1.7535398070173918,47.28302243493741
885,885.7776935031678,2.449677876481173,1,16.552630860688623,40.2627456
895,896.1019079996876,10.31554277160894,-1,106.3662095331711,43.372286749442154
942,943.689731332307,12.277169420680927,1,128.7643452399761,32.21019648
959,960.618144244128,1.0590833305985565,-1,0.6746219813961798,40.2627456
1000,1001.5052812702593,2.4887646561712744,1,16.998929342744347,35.22576260146058
1013,1014.0552392822387,10.131935396850414,-1,104.26975407435218,24.157647359999995
1065,1066.2647071343217,12.30405818153819,1,129.07136498552947,40.2627456
1081,1082.015538331896,1.2224265083807808,-1,2.539697919510014,40.30210194006281
1130,1131.4076604442757,2.510565117874346,1,17.247850155442016,24.157647359999995
1143,1144.9622671305665,9.68368941643497,-1,99.1516168874799,30.78551446359957
1207,1208.9440181955242,12.388846398241913,1,130.03948905998902,20.925746058624338
1232,1234.221861034501,1.3315370078610969,-1,3.785537323024209,32.698706113261636
1275,1276.4541931354713,2.4644830443128836,1,16.721678400093516,33.115087046101614
1284,1286.2870540051051,9.999634076886158,-1,102.75911854125992,47.75197639225677
1348,1349.5774049360887,12.258099807325973,1,128.54660564717304,15.101809277680623
1406,1408.5479068732402,1.4738024561630774,-1,5.409944709090604,8.05254912
1453,1454.7692225571407,2.5391389855284525,1,17.57411069318896,39.05230398761816
1463,1464.7324694028075,9.739230156355454,-1,99.78578905810366,47.52040786750941
1509,1510.7413375590515,11.018780767962465,1,114.39588229682342,40.2627456
1524,1525.8409113343187,0.7821212121826883,-1,0.0,40.2627456
1564,1565.8229578050316,2.3215766617514224,1,15.089952734307694,39.96306522095943
1574,1576.0535997460527,9.502745020337139,-1,97.08556770268605,40.2627456
1621,1623.571690839216,12.25917898614782,1,128.55892786644708,34.6324060146021
1654,1656.1039100333396,1.3417590465535267,-1,3.902254033587644,14.670098072303599
1662,1664.272103352843,0.32397260235863,1,0.0,10.722269630056648
