start_s,end_s,model_eligible,consumed_wh,distance_km,wh_per_km,moving_wh,moving_distance_km,moving_wh_per_km,stationary_wh,moving_s,stopped_s,valid_duration_s,elapsed_duration_s,coverage_fraction,valid_interval_count,excluded_interval_count,raw_signed_wh_diagnostic,raw_diagnostic_note,average_power_w,peak_power_w,average_current_a,peak_current_a,current_mean_note,voltage_mean_v,voltage_min_v,voltage_max_v,voltage_std_v,average_speed_kmh,trip_increment_all_rows_km,median_speed_kmh,max_speed_kmh,speed_std_kmh,p10_speed_kmh,p90_speed_kmh,stopped_pct,acceleration_pct,deceleration_pct,pace_seconds_per_km,acceleration_event_count,deceleration_event_count,stop_count,speed_0_16_pct,speed_16_32_pct,speed_32_40_pct,speed_40_plus_pct,lap_id,lap_status,start_timestamp,end_timestamp,lap_duration_s,lap_distance_km,trip_distance_km,gps_distance_km,gps_coverage_fraction,gps_minus_trip_distance_km,gps_jumps,moving_average_speed_kmh,voltage_variation_v,speed_level_0_s,speed_level_0_pct,speed_level_8.05254912_s,speed_level_8.05254912_pct,speed_level_16.10509824_s,speed_level_16.10509824_pct,speed_level_24.15764736_s,speed_level_24.15764736_pct,speed_level_32.21019648_s,speed_level_32.21019648_pct,speed_level_40.2627456_s,speed_level_40.2627456_pct,speed_level_48.31529472_s,speed_level_48.31529472_pct,high_power_duration_s,high_power_threshold_w,high_current_duration_s,high_current_threshold_a,cruising_duration_s,missing_samples,irregular_timestamp_gaps,negative_current_samples,negative_power_samples,shutdown_samples,invalid_electrical_measurements,trip_deviation_pct,gps_deviation_pct,distance_consistent,validated_single_lap,validation_status
0.0,109.48381265333946,True,19.48784255301818,1.218396031278596,15.994670084871714,19.48784255301817,1.218396031278596,15.994670084871705,0.0,109.48381265333946,0.0,109.48381265333946,109.48381265333946,1.0,110,0,19.48784255301818,Includes shutdown and long gaps; not valid consumption or recovered energy.,640.7909214214377,1229.67039728983,12.895373200357696,24.8196104141361,"Time weighted, clipped at zero at samples; raw values retained in quality tables.",50.278932881620634,49.14623982421339,52.21704353770563,0.9836507417663917,40.018688508101555,,40.2627456,48.31529471999999,5.695552584424115,32.21019648,48.31529471999999,0.0,21.955641128530623,18.693762101903385,89.85897018922996,21,19,0,0.0,2.602681255823361,27.82315281818175,69.57416592599489,1,complete,2025-11-07T21:28:49.456747-05:00,2025-11-07T21:30:38.940559-05:00,109.48381265333946,1.218396031278596,1.218396031278596,1.1462760276775916,1.0,-0.07212000360100435,0,40.018688508101555,3.0708037134922392,0.0,0.0,0.0,0.0,1.3734301758305527,1.2544595794989977,1.0014540000000023,0.9147050835459337,21.554621249999975,19.68749601208058,61.11800500000001,55.82378209052606,24.436302227508918,22.319557234348437,57.83978212893809,800,20.311726914179943,20,64.97929617583057,0,0,0,0,0,0,0.6938868825286049,-5.266443993587466,True,True,validated_single_lap
0.0,151.86931848660166,True,13.13466660120336,1.2148010116953882,10.812195968517091,13.134666601203355,1.2148010116953882,10.812195968517086,0.0,151.86931848660166,0.0,151.86931848660166,151.86931848660166,1.0,153,0,13.134659041628879,Includes shutdown and long gaps; not valid consumption or recovered energy.,311.35189276893806,1215.57768362823,6.261891109352056,24.7322064967803,"Time weighted, clipped at zero at samples; raw values retained in quality tables.",50.68803419862447,48.68796083864864,51.65172128543963,0.8389043004989054,28.931130971608958,,28.183921919999996,48.31529471999999,9.186167117813648,20.131372799999998,40.2627456,0.0,28.355863731487844,30.078121096277286,125.01579849250483,43,46,0,0.0,57.094615371817596,22.607956482274616,20.29742814590778,2,complete,2025-11-07T21:30:38.940559-05:00,2025-11-07T21:33:10.809878-05:00,151.86931848660166,1.2148010116953882,1.2148010116953882,1.1567829651259194,1.0,-0.05801804656946885,0,28.931130971608958,2.9637604467909853,0.0,0.0,0.0,0.0,31.571039464110527,20.788293368746377,47.06957050000002,30.993469233321562,32.808378499999996,21.603032677659932,32.54819400000001,21.431711371557583,7.872136022491096,5.1834933487145385,22.111087157554515,800,10.309357009044081,20,63.126023964110544,0,0,1,1,0,0,0.3967778260651533,-4.398102055709141,True,True,validated_single_lap
0.0,139.01914574842772,True,15.410817336906419,1.2170462002025397,12.6624752078777,15.410817336906414,1.2170462002025397,12.662475207877696,0.0,139.01914574842772,0.0,139.01914574842772,139.01914574842772,1.0,139,0,15.410817336906419,Includes shutdown and long gaps; not valid consumption or recovered energy.,399.0741139588003,1142.25449984755,8.112658972313675,23.2720469362468,"Time weighted, clipped at zero at samples; raw values retained in quality tables.",50.23320899748946,48.35010552812281,51.51457209997864,1.0048193422887186,31.478629432071404,,32.21019648,48.31529471999999,7.938916785087645,20.131372799999998,40.2627456,0.0,27.373789268468588,25.21423276721354,114.22667909015473,37,33,0,1.422096954208058,44.044811495398754,28.89451059201018,25.638580958383006,3,complete,2025-11-07T21:33:10.809878-05:00,2025-11-07T21:35:29.829024-05:00,139.01914574842772,1.2170462002025397,1.2170462002025397,1.156232633298161,1.0,-0.06081356690437878,0,31.478629432071404,3.164466571855833,0.0,0.0,1.0015654999999979,0.7204514850152036,12.492652535889448,8.986282046716386,34.05107149999994,24.493799984657908,45.066666000000026,32.4175966967555,43.40307521253832,31.220933619518515,3.004114999999987,2.160936167336479,37.39431487893267,800,14.956544855203513,20,65.9117267484275,0,0,0,0,0,0,0.5823305952512126,-4.443584024945368,True,True,validated_single_lap
0.0,285.9089197523016,True,33.40710368581204,2.4361433407499096,13.713110853127569,33.407103685812025,2.4361433407499096,13.713110853127564,0.0,285.9089197523016,0.0,285.9089197523016,285.9089197523016,1.0,287,0,33.40710368581204,Includes shutdown and long gaps; not valid consumption or recovered energy.,420.6429564111394,1144.10797835069,8.643751473154268,23.6859301919614,"Time weighted, clipped at zero at samples; raw values retained in quality tables.",49.606756974286085,47.95872858424634,50.95259494979706,0.9954475889947786,30.663752417861026,,32.21019648,48.31529471999999,11.097508013571696,16.10509824,44.28902015999999,0.0,23.471508009662042,22.504215510513884,117.36128780677217,64,62,0,3.1110114533497866,40.937438954136155,20.16148092104938,35.790068671464674,4,complete,2025-11-07T21:35:29.829024-05:00,2025-11-07T21:40:15.737943-05:00,285.9089197523016,2.4361433407499096,2.4361433407499096,2.289449076350401,1.0,-0.1466942643995086,0,30.663752417861026,2.9938663655507227,0.0,0.0,4.506141750000039,1.5760759594013207,71.85447300000007,25.131945188086995,45.06953474999986,15.763598697461429,44.598787249999916,15.598949234825644,92.33848728746173,32.2964695776052,27.541495714839968,9.632961342619412,83.23647093860308,800,31.548305149267563,20,154.46022528746175,0,0,0,0,0,0,101.33416039255452,89.21066746697531,False,False,invalid_or_unresolved_interval
0.0,109.79560458410083,True,16.419845756054666,1.2124496353289143,13.54270336482907,16.419845756054652,1.2124496353289143,13.542703364829059,0.0,109.79560458410083,0.0,109.79560458410083,109.79560458410083,1.0,110,0,16.419845756054666,Includes shutdown and long gaps; not valid consumption or recovered energy.,538.3771503942021,1080.37830885185,11.189102851175855,22.4442804248176,"Time weighted, clipped at zero at samples; raw values retained in quality tables.",48.7256746368333,47.70115572374646,50.22336269539476,0.8834061916354043,39.79819034607145,,40.2627456,48.31529471999999,5.564535113539563,32.21019648,48.31529471999999,0.0,20.87810722093342,19.840332969316734,90.55683748407033,23,21,0,0.0,6.710331033311407,23.696665257291137,69.59300370939745,5,complete,2025-11-07T21:40:15.737943-05:00,2025-11-07T21:42:05.533548-05:00,109.79560458410083,1.2124496353289143,1.212449635328916,1.1514924838755145,1.0,-0.060957151453401526,0,39.79819034607145,2.522206971648302,0.0,0.0,0.0,0.0,0.0,0.0,4.7571955000000505,4.332774083279583,19.030343999999864,17.33251897658897,63.8428165,58.14696930886511,22.165248584100915,20.18773763126634,43.57185287877159,800,7.466239965888617,20,65.08854700000018,0,0,0,0,0,0,0.202449200736865,-4.835331911114505,True,True,validated_single_lap
0.0,115.29407147071049,True,16.43022093386719,1.2067219755414396,13.615581108892275,16.43022093386719,1.2067219755414396,13.615581108892275,0.0,115.29407147071049,0.0,115.29407147071049,115.29407147071049,1.0,116,0,16.429399763671647,Includes shutdown and long gaps; not valid consumption or recovered energy.,513.0254713656127,1012.79731298932,10.734618334148152,21.1357923679311,"Time weighted, clipped at zero at samples; raw values retained in quality tables.",48.48382226843822,47.20942571733757,49.895542691122166,0.9044053190658414,37.84821677485304,,40.2627456,48.31529471999999,6.477877473069722,28.183921919999996,44.28902015999999,0.0,24.42876428231137,24.53019798783354,95.54319371616617,29,28,0,0.0,12.782856977077609,35.77445770863596,51.44268531428643,6,complete,2025-11-07T21:42:05.533548-05:00,2025-11-07T21:44:00.827620-05:00,115.29407147071049,1.2067219755414396,1.2067219755414378,1.1588024000876131,1.0,-0.04791957545382464,0,37.84821677485304,2.6861169737846,0.0,0.0,0.0,0.0,0.5015134999999871,0.43498637319560046,9.015061000000058,7.819188692881108,34.419583999999894,29.853732773019388,51.96054151965126,45.06783467426719,19.397371451059293,16.824257486636714,43.44274051165168,800,5.688216923840287,20,58.84729051965144,0,0,1,1,0,0,-0.2709111122778607,-4.2312066043294845,True,True,validated_single_lap
0.0,121.38654036642083,True,15.65685696487689,1.2055153554404345,12.987687709010281,15.65685696487689,1.2055153554404345,12.987687709010281,0.0,121.38654036642083,0.0,121.38654036642083,121.38654036642083,1.0,122,0,15.65655983144946,Includes shutdown and long gaps; not valid consumption or recovered energy.,464.34048539000105,1015.25049593409,9.770201511648704,21.2746103543198,"Time weighted, clipped at zero at samples; raw values retained in quality tables.",48.30848761842965,47.28970816736351,49.58110309518724,0.9105710635410563,35.811274854387094,,36.23647104,48.31529471999999,7.493641426789843,24.157647359999995,44.28902015999999,0.0,21.463335161669537,23.104490757657512,100.69265382527816,26,26,0,0.0,18.42283420256868,39.71812107374976,41.85904472368156,7,complete,2025-11-07T21:44:00.827620-05:00,2025-11-07T21:46:02.214160-05:00,121.38654036642083,1.2055153554404345,1.2055153554404345,1.1469329133565203,1.0,-0.05858244208391428,0,35.811274854387094,2.291394927823731,0.0,0.0,0.0,0.0,5.00767350000001,4.125394368175998,14.270139499999969,11.755948770698732,36.31103900000015,29.913562813793543,53.02615486642072,43.68371872726126,12.771533499999979,10.52137532007047,37.07705118603824,800,0.7051155459211769,20,67.28719836642074,0,0,2,2,0,0,-0.3706317817822713,-5.212155920948735,True,True,validated_single_lap
0.0,152.19758072336845,True,12.047113204116089,1.2252364273266725,9.832480438409368,12.047113204116087,1.2252364273266725,9.832480438409368,0.0,152.19758072336845,0.0,152.19758072336845,152.19758072336845,1.0,153,0,12.047113204116089,Includes shutdown and long gaps; not valid consumption or recovered energy.,284.955958752365,962.33056038653,5.936140312897319,20.2309047529526,"Time weighted, clipped at zero at samples; raw values retained in quality tables.",48.59189696695464,46.97526857142858,49.37036166386914,0.5936964044634409,28.79465918895132,,28.183921919999996,48.31529471999999,6.523307269167509,20.131372799999998,40.2627456,0.0,27.63709304713169,27.57295248057572,124.21894854648289,40,41,0,0.0,68.29458939051835,20.900972918673006,10.804437690808648,8,complete,2025-11-07T21:46:02.214160-05:00,2025-11-07T21:48:34.411741-05:00,152.19758072336845,1.2252364273266725,1.2252364273266707,1.1426314138790437,1.0,-0.08260501344762705,0,28.79465918895132,2.395093092440561,0.0,0.0,0.0,0.0,8.762803750000103,5.7575184233231775,72.62209499999982,47.71566975955841,49.21925535944036,32.3390523853992,17.586239613928342,11.554874611241535,4.007186999999821,2.6328848204776727,9.437145115076156,800,0.7488854738575257,20,68.16922711392749,0,0,0,0,0,0,1.2592088699727944,-5.567651745533575,True,True,validated_single_lap
0.0,291.6491083589108,True,30.72716808701828,2.4267444649803913,12.66188860443803,30.71473151000822,2.4264666872026126,12.658212730469481,0.012436577010063064,291.4003578117052,0.24875054720558865,291.6491083589108,291.6491083589108,1.0,293,0,30.726776422529923,Includes shutdown and long gaps; not valid consumption or recovered energy.,379.283878958878,983.242766390308,8.036260684885088,20.8375907675405,"Time weighted, clipped at zero at samples; raw values retained in quality tables.",47.963566619307564,46.49022876918851,49.14623982421339,0.8560017384003648,29.986009974334124,,36.23647104,48.31529471999999,12.373322944917037,12.07882368,44.28902015999999,0.08529103641197144,28.84567742153677,27.51743828127739,120.18121914672518,84,80,1,18.763142003988786,19.723668419677132,29.15102213516622,32.36216744116786,9,complete,2025-11-07T21:48:34.411741-05:00,2025-11-07T21:53:26.060849-05:00,291.6491083589108,2.4267444649803913,2.4267444649803966,2.2863880719002267,1.0,-0.1403563930801699,0,30.01118036592562,2.6560110550248766,1.0015379999999823,0.3434051301015686,40.06430699999987,13.737160804447145,38.05833750000022,13.049358427375909,25.289406499999696,8.671175661157143,61.723699890559516,21.16368544305672,105.98302496835153,36.33922475014946,19.52879449999996,6.695989783712053,60.23625013074426,800,0.6729675476014839,20,127.26658396835205,0,0,1,1,0,0,100.55739380003277,88.95769189258074,False,False,invalid_or_unresolved_interval
0.0,130.03818561866956,True,15.706859674481468,1.2111028962812966,12.969054671332662,15.70685967448147,1.2111028962812966,12.969054671332664,0.0,130.03818561866956,0.0,130.03818561866956,130.03818561866956,1.0,130,0,15.706859674481468,Includes shutdown and long gaps; not valid consumption or recovered energy.,434.83146553542167,919.172366040182,9.33860453435026,19.6216480349131,"Time weighted, clipped at zero at samples; raw values retained in quality tables.",47.248061973990986,46.205895092013314,48.44376838648641,0.8064976513518101,33.67322006491858,,36.23647104,48.31529471999999,10.520395407713234,16.10509824,44.28902015999999,0.0,26.95946720050665,29.26617656109211,107.37170724135257,35,37,0,7.641390294558588,16.796988493454013,39.937040661064266,35.624580550923135,10,complete,2025-11-07T21:53:26.060849-05:00,2025-11-07T21:55:36.099035-05:00,130.03818561866956,1.2111028962812966,1.211102896281293,1.1520927704960158,1.0,-0.05901012578527731,0,33.67322006491858,2.237873294473097,0.0,0.0,7.010467500000003,5.391083754857859,14.436866587020745,11.102020932033096,7.0100455000001585,5.390759234796434,36.06076899999981,27.7309075241531,50.498966531648776,38.833951959107196,15.021070500000071,11.551276595052322,21.82016535563402,800,0.0,20,56.92337861866986,0,0,0,0,0,0,0.09114845299942331,-4.785721446610269,True,True,validated_single_lap
