rank,lap_id,start_timestamp,end_timestamp,lap_duration_s,lap_distance_km,consumed_wh,wh_per_km,average_speed_kmh,max_speed_kmh,average_power_w,peak_power_w,lap_validation_status,coverage_fraction,pareto_efficient_single_lap_comparison,pareto_efficient_all_intervals
1,8,2025-11-07T21:46:02.214160-05:00,2025-11-07T21:48:34.411741-05:00,152.19758072336845,1.2252364273266725,12.047113204116089,9.832480438409368,28.79465918895132,48.31529471999999,284.955958752365,962.33056038653,plausible_single_lap,1.0,True,True
2,2,2025-11-07T21:30:38.940559-05:00,2025-11-07T21:33:10.809878-05:00,151.86931848660166,1.2148010116953882,13.13466660120336,10.812195968517091,28.931130971608958,48.31529471999999,311.35189276893806,1215.57768362823,plausible_single_lap,1.0,True,True
3,9,2025-11-07T21:48:34.411741-05:00,2025-11-07T21:53:26.060849-05:00,291.6491083589108,2.4267444649803913,30.72716808701828,12.66188860443803,29.986009974334124,48.31529471999999,379.283878958878,983.242766390308,ambiguous_possible_multiple_physical_laps,1.0,False,False
4,3,2025-11-07T21:33:10.809878-05:00,2025-11-07T21:35:29.829024-05:00,139.01914574842772,1.2170462002025397,15.410817336906419,12.6624752078777,31.478629432071404,48.31529471999999,399.0741139588003,1142.25449984755,plausible_single_lap,1.0,True,True
5,10,2025-11-07T21:53:26.060849-05:00,2025-11-07T21:55:36.099035-05:00,130.03818561866956,1.2111028962812966,15.706859674481468,12.969054671332662,33.67322006491858,48.31529471999999,434.83146553542167,919.172366040182,plausible_single_lap,1.0,True,True
6,7,2025-11-07T21:44:00.827620-05:00,2025-11-07T21:46:02.214160-05:00,121.38654036642083,1.2055153554404345,15.65685696487689,12.987687709010281,35.811274854387094,48.31529471999999,464.34048539000105,1015.25049593409,plausible_single_lap,1.0,True,True
7,5,2025-11-07T21:40:15.737943-05:00,2025-11-07T21:42:05.533548-05:00,109.79560458410083,1.2124496353289143,16.419845756054666,13.54270336482907,39.79819034607145,48.31529471999999,538.3771503942021,1080.37830885185,plausible_single_lap,1.0,True,True
8,6,2025-11-07T21:42:05.533548-05:00,2025-11-07T21:44:00.827620-05:00,115.29407147071049,1.2067219755414396,16.43022093386719,13.615581108892275,37.84821677485304,48.31529471999999,513.0254713656127,1012.79731298932,plausible_single_lap,1.0,False,False
9,4,2025-11-07T21:35:29.829024-05:00,2025-11-07T21:40:15.737943-05:00,285.9089197523016,2.4361433407499096,33.40710368581204,13.713110853127569,30.663752417861026,48.31529471999999,420.6429564111394,1144.10797835069,ambiguous_possible_multiple_physical_laps,1.0,False,False
10,1,2025-11-07T21:28:49.456747-05:00,2025-11-07T21:30:38.940559-05:00,109.48381265333946,1.218396031278596,19.48784255301818,15.994670084871714,40.018688508101555,48.31529471999999,640.7909214214377,1229.67039728983,plausible_single_lap,1.0,True,True
